{
    "c": "#A35A29",
    "g": [
        152.0,
        156.0,
        143.0,
        148.0,
        145.0,
        124.0,
        138.0,
        140.0,
        142.0,
        138.0,
        127.0,
        131.0,
        127.0,
        125.0,
        132.0,
        129.0,
        127.0,
        128.0,
        127.0,
        119.0,
        112.0,
        105.0,
        104.0,
        103.0,
        103.0
    ],
    "x": [
        0.001,
        1.8034917928453382,
        3.06430651740527,
        4.068697830964597,
        5.350973357822405,
        7.0463744338207,
        8.553630012033608,
        9.594493699161495,
        10.93586109568466,
        12.376394457240314,
        13.131193266528664,
        13.952859380467476,
        14.738026241247287,
        15.730212633336546,
        16.416008602734802,
        16.94102597028173,
        17.404077603929824,
        18.207417577183165,
        19.21193817985671,
        19.99980593311785,
        20.634046460606598,
        20.838852966516402,
        21.621139229356608,
        22.079544146075108,
        22.925723567604496
    ],
    "y": [
        154.2,
        149.4,
        146.4,
        142.0,
        138.5,
        131.5,
        131.8,
        134.5,
        135.4,
        132.4,
        119.5,
        116.6,
        112.5,
        109.3,
        107.1,
        106.4,
        108.3,
        104.2,
        104.7,
        93.8,
        88.2,
        85.1,
        85.1,
        86.7,
        80.2
    ]
}