{
    "c": "#DA291C",
    "g": [
        181.0,
        154.0,
        137.0,
        127.0,
        140.0,
        132.0,
        128.0,
        122.0,
        123.2,
        115.0,
        104.0,
        112.0,
        114.0,
        114.0,
        114.0,
        117.0,
        120.0,
        123.0,
        125.0,
        127.0,
        122.0,
        127.0,
        118.0,
        127.0,
        128.0,
        114.0,
        106.0,
        107.0,
        112.0,
        133.0,
        133.0,
        133.0
    ],
    "x": [
        0.001,
        2.467964888967964,
        5.752414158171286,
        7.76825367489675,
        9.537220664728526,
        11.862076020558082,
        13.652685774516543,
        14.919875027753404,
        16.53756806175703,
        18.118213866194065,
        19.955831358539257,
        22.661024562026974,
        24.247075048370814,
        26.38968501863344,
        27.054255155490875,
        27.67000665857653,
        28.74569761747948,
        29.308505445400893,
        30.096613098000656,
        30.778500124368023,
        31.406238848779143,
        32.0263818469875,
        33.21560794414708,
        34.06070178960291,
        34.661062540880195,
        35.43777234804614,
        36.3151955021472,
        37.27024001897258,
        38.955741636992016,
        40.0878051442292,
        41.66673882397764,
        43.17926346502612
    ],
    "y": [
        179.5,
        153.1,
        136.4,
        129.6,
        134.9,
        131.1,
        128.8,
        127.4,
        123.1,
        110.0,
        107.2,
        104.8,
        98.0,
        92.5,
        93.5,
        89.9,
        100.0,
        96.8,
        100.2,
        100.6,
        101.0,
        101.4,
        102.5,
        103.1,
        97.1,
        95.2,
        89.8,
        105.0,
        117.9,
        124.4,
        127.4,
        127.9
    ]
}