{
    "c": "#DA291C",
    "g": [
        181.0,
        154.0,
        137.0,
        127.0,
        140.0,
        132.0,
        128.0,
        122.0,
        123.2,
        129.0,
        112.0,
        125.0,
        119.0,
        125.0,
        130.0,
        136.0,
        155.0,
        144.0,
        131.0,
        132.0
    ],
    "x": [
        0.001,
        2.467964888967964,
        5.752414158171286,
        7.76825367489675,
        9.537220664728526,
        11.862076020558082,
        13.652685774516543,
        14.919875027753404,
        16.53756806175703,
        18.067900724377406,
        19.22885617673794,
        20.658779035723388,
        22.335522362033675,
        23.478066379072764,
        24.628142249427455,
        25.415499694296205,
        26.604847840800513,
        27.81794273674793,
        30.040115600092804,
        31.324807958383797
    ],
    "y": [
        179.5,
        153.1,
        136.4,
        129.6,
        134.9,
        131.1,
        128.8,
        127.4,
        123.1,
        109.7,
        106.7,
        107.0,
        117.0,
        125.5,
        135.2,
        141.2,
        148.8,
        139.0,
        131.2,
        131.1
    ]
}