{
    "c": "#FFCC01",
    "g": [
        105.0,
        105.0,
        106.0,
        106.7,
        108.0,
        114.0,
        128.0,
        127.0,
        125.0,
        130.0,
        127.0,
        129.0,
        125.0,
        117.0,
        111.0,
        118.0,
        114.0,
        114.0,
        116.0,
        114.0,
        114.3,
        111.0,
        114.0,
        108.0,
        105.0,
        105.0,
        106.0,
        104.0,
        104.6,
        106.0,
        107.0,
        107.0,
        113.0,
        128.0,
        125.0,
        125.0,
        130.0
    ],
    "x": [
        0.001,
        0.9745336200605281,
        1.3974908644396657,
        1.8638515400512974,
        2.5451275141975787,
        3.164226831815138,
        3.933615834876482,
        4.820140042352072,
        5.781412025845613,
        6.538907869439402,
        7.361036091453286,
        8.25947555882716,
        9.17504787982896,
        9.852252685122172,
        11.58389338848999,
        12.076632701200383,
        12.710492013135658,
        13.187995707636837,
        13.772016288250272,
        14.217276813931333,
        14.874353754071917,
        15.167010655090788,
        15.451958051361618,
        16.063365740571967,
        16.808423935089625,
        17.536105476883492,
        18.218197953168353,
        18.86413520306614,
        19.644335286127884,
        20.624779949604036,
        21.846675749948922,
        22.514397949665646,
        23.40225706278001,
        24.40979416305165,
        25.042724471173873,
        25.960250266479594,
        26.71774611007338
    ],
    "y": [
        104.4,
        111.0,
        111.9,
        113.1,
        114.0,
        119.4,
        122.5,
        121.0,
        122.4,
        124.8,
        118.8,
        121.4,
        118.1,
        109.1,
        106.5,
        109.4,
        108.5,
        107.4,
        108.8,
        106.9,
        106.2,
        104.4,
        105.0,
        100.7,
        99.2,
        99.6,
        99.0,
        98.2,
        97.0,
        97.6,
        100.0,
        100.0,
        107.3,
        119.4,
        118.0,
        118.8,
        124.8
    ]
}