{
    "c": "#007A33",
    "g": [
        128.0,
        115.0,
        124.0,
        118.0,
        110.0,
        111.0,
        111.0,
        112.0,
        109.0,
        111.0,
        111.0,
        109.0,
        101.0,
        115.0,
        112.0,
        112.0,
        110.0,
        112.0,
        114.0,
        114.0,
        114.3,
        111.0,
        114.0,
        108.0,
        105.0,
        105.0,
        106.0,
        104.0,
        104.6,
        106.0,
        107.0,
        107.0,
        108.0,
        105.0,
        104.6,
        105.0,
        105.0,
        105.0,
        105.0,
        110.0,
        121.0,
        129.0,
        133.0
    ],
    "x": [
        0.001,
        1.171264808759873,
        2.313764924280484,
        3.92127374175496,
        6.162193909799042,
        7.460494135353447,
        8.910289139094935,
        10.668329445065105,
        12.105341977027441,
        14.133041240336814,
        15.342596739904918,
        16.645156542531232,
        17.5604031530448,
        18.805797867838965,
        19.716348865517464,
        20.322371659636097,
        21.405200551609227,
        22.280077431906946,
        23.34504166496465,
        23.925739116601147,
        24.58281605674173,
        24.875472957760604,
        25.160420354031434,
        25.771828043241783,
        26.51688623775944,
        27.244567779553307,
        27.92666025583817,
        28.572597505735956,
        29.3527975887977,
        30.333242252273852,
        31.555138052618737,
        32.222860252335465,
        33.04633376674965,
        33.88112789630501,
        34.38163063087766,
        35.05810882692227,
        35.99941596995831,
        36.643064409804154,
        37.29051994337448,
        38.209628600999,
        39.51063853351652,
        40.43886094092108,
        41.587977742700716
    ],
    "y": [
        119.2,
        119.3,
        118.2,
        112.3,
        106.4,
        106.2,
        106.1,
        106.3,
        106.4,
        105.7,
        105.3,
        102.4,
        104.7,
        112.2,
        106.8,
        104.7,
        102.8,
        109.1,
        105.0,
        106.9,
        106.2,
        104.4,
        105.0,
        100.7,
        99.2,
        99.6,
        99.0,
        98.2,
        97.0,
        97.6,
        100.0,
        100.0,
        102.2,
        99.4,
        101.9,
        100.4,
        111.0,
        111.4,
        110.9,
        113.0,
        115.5,
        124.0,
        127.9
    ]
}