{
    "c": "#007A33",
    "g": [
        128.0,
        115.0,
        124.0,
        118.0,
        110.0,
        111.0,
        111.0,
        112.0,
        109.0,
        111.0,
        111.0,
        109.0,
        101.0,
        115.0,
        112.0,
        112.0,
        110.0,
        112.0,
        114.0,
        114.0,
        114.3,
        111.0,
        114.0,
        108.0,
        105.0,
        105.0,
        106.0,
        104.0,
        104.6,
        106.0,
        107.0,
        107.0,
        108.0,
        107.0,
        104.0,
        103.0,
        104.0,
        117.0,
        123.0,
        123.0,
        123.0
    ],
    "x": [
        0.001,
        1.171264808759873,
        2.313764924280484,
        3.92127374175496,
        6.162193909799042,
        7.460494135353447,
        8.910289139094935,
        10.668329445065105,
        12.105341977027441,
        14.133041240336814,
        15.342596739904918,
        16.645156542531232,
        17.5604031530448,
        18.805797867838965,
        19.716348865517464,
        20.322371659636097,
        21.405200551609227,
        22.280077431906946,
        23.34504166496465,
        23.925739116601147,
        24.58281605674173,
        24.875472957760604,
        25.160420354031434,
        25.771828043241783,
        26.51688623775944,
        27.244567779553307,
        27.92666025583817,
        28.572597505735956,
        29.3527975887977,
        30.333242252273852,
        31.555138052618737,
        32.222860252335465,
        33.04633376674965,
        33.502161101016796,
        34.28808912743588,
        34.99290582386588,
        35.9666550392133,
        36.97218769888672,
        38.55796143026249,
        39.81377046530186,
        41.39905326821485
    ],
    "y": [
        119.2,
        119.3,
        118.2,
        112.3,
        106.4,
        106.2,
        106.1,
        106.3,
        106.4,
        105.7,
        105.3,
        102.4,
        104.7,
        112.2,
        106.8,
        104.7,
        102.8,
        109.1,
        105.0,
        106.9,
        106.2,
        104.4,
        105.0,
        100.7,
        99.2,
        99.6,
        99.0,
        98.2,
        97.0,
        97.6,
        100.0,
        100.0,
        102.2,
        102.0,
        98.7,
        108.0,
        111.0,
        125.0,
        117.0,
        118.4,
        119.3
    ]
}