{
    "c": "#E79CAE",
    "g": [
        105.0,
        105.0,
        106.0,
        106.7,
        108.0,
        114.0,
        128.0,
        127.0,
        125.0,
        130.0,
        127.0,
        129.0,
        125.0,
        117.0,
        111.0,
        118.0,
        114.0,
        114.0,
        114.0,
        112.0,
        110.0,
        112.0,
        112.0,
        115.0,
        101.0,
        109.0,
        111.0,
        111.0,
        109.0
    ],
    "x": [
        0.001,
        0.9745336200605281,
        1.3974908644396657,
        1.8638515400512974,
        2.5451275141975787,
        3.164226831815138,
        3.933615834876482,
        4.820140042352072,
        5.781412025845613,
        6.538907869439402,
        7.361036091453286,
        8.25947555882716,
        9.17504787982896,
        9.852252685122172,
        11.58389338848999,
        12.076632701200383,
        12.710492013135658,
        13.187995707636837,
        13.886439592872916,
        14.95140382593062,
        15.82628070622834,
        16.90910959820147,
        17.515132392320105,
        18.425683389998603,
        19.67107810479277,
        20.586324715306336,
        21.88888451793265,
        23.098440017500753,
        25.126139280810126
    ],
    "y": [
        104.4,
        111.0,
        111.9,
        113.1,
        114.0,
        119.4,
        122.5,
        121.0,
        122.4,
        124.8,
        118.8,
        121.4,
        118.1,
        109.1,
        106.5,
        109.4,
        108.5,
        107.4,
        105.0,
        109.1,
        102.8,
        104.7,
        106.8,
        112.2,
        104.7,
        102.4,
        105.3,
        105.7,
        106.4
    ]
}