{
    "c": "#7C878E",
    "g": [
        185.0,
        165.0,
        148.0,
        143.0,
        141.0,
        138.0,
        137.0,
        156.0,
        145.0,
        156.0,
        152.0,
        157.0,
        149.0,
        127.0,
        122.0,
        118.0,
        106.0,
        104.0,
        104.0,
        104.0,
        102.0,
        105.0,
        103.0,
        102.0,
        102.0,
        101.0,
        104.0
    ],
    "x": [
        0.001,
        1.4658639178871218,
        3.0948253151873373,
        4.229784386113899,
        6.62689909286069,
        8.860586871358198,
        9.701790658937774,
        10.868064140208592,
        12.126474247998857,
        13.062264459881899,
        13.829310711882728,
        14.374778538830759,
        15.290793844156529,
        17.054022262504834,
        18.20782509331958,
        19.133118716899016,
        20.48148809530308,
        21.317133444434248,
        21.839724295569,
        23.212462490089333,
        24.88826938843432,
        25.82466135420462,
        28.0758744856602,
        29.713785013601484,
        31.262555250509443,
        32.90520797899559,
        34.498037224075304
    ],
    "y": [
        176.8,
        170.1,
        151.2,
        138.3,
        136.7,
        132.2,
        139.4,
        150.3,
        152.2,
        150.5,
        148.7,
        140.1,
        131.7,
        104.3,
        91.0,
        87.0,
        84.0,
        74.0,
        79.5,
        76.8,
        87.5,
        86.7,
        84.4,
        86.5,
        100.0,
        101.2,
        104.0
    ]
}