{
    "c": "#840A55",
    "g": [
        116.0,
        114.0,
        114.0,
        118.0,
        111.0,
        117.0,
        125.0,
        129.0,
        127.0,
        152.0,
        141.0,
        145.0,
        156.0,
        169.0,
        151.0,
        154.0,
        171.0,
        177.0,
        157.0,
        172.0,
        170.0
    ],
    "x": [
        0.001,
        0.5840205806134354,
        1.061524275114614,
        1.6953835870498897,
        2.1881228997602826,
        3.919763603128101,
        4.596968408421314,
        5.512540729423112,
        6.410980196796985,
        9.519862152589518,
        16.61104733905256,
        18.07234528949533,
        19.828405931695663,
        21.131318733869243,
        22.99584483209604,
        24.54131302885278,
        26.696539928645265,
        28.22837935252116,
        30.401883533284266,
        32.39297134115155,
        34.444180393096424
    ],
    "y": [
        108.8,
        107.4,
        108.5,
        109.4,
        106.5,
        109.1,
        118.1,
        121.4,
        120.5,
        148.7,
        136.7,
        141.1,
        157.9,
        167.1,
        157.0,
        153.5,
        165.0,
        171.6,
        161.5,
        165.4,
        164.8
    ]
}