{
    "c": "#840A55",
    "g": [
        116.0,
        114.0,
        114.0,
        118.0,
        111.0,
        117.0,
        125.0,
        129.0,
        127.0,
        152.0,
        141.0,
        145.0,
        156.0,
        169.0,
        153.0,
        155.0,
        153.0,
        144.0,
        146.0,
        143.0,
        136.0,
        140.0
    ],
    "x": [
        0.001,
        0.5840205806134354,
        1.061524275114614,
        1.6953835870498897,
        2.1881228997602826,
        3.919763603128101,
        4.596968408421314,
        5.512540729423112,
        6.410980196796985,
        9.519862152589518,
        16.61104733905256,
        18.07234528949533,
        19.828405931695663,
        21.131318733869243,
        22.296467606292016,
        23.54902044451885,
        25.333966983788887,
        26.493885143777277,
        27.090890214900632,
        28.97941990246624,
        29.951444515543336,
        32.00110857777268
    ],
    "y": [
        108.8,
        107.4,
        108.5,
        109.4,
        106.5,
        109.1,
        118.1,
        121.4,
        120.5,
        148.7,
        136.7,
        141.1,
        157.9,
        167.1,
        157.5,
        148.8,
        148.1,
        149.6,
        145.6,
        138.1,
        136.7,
        140.1
    ]
}