{
    "c": "#11079F",
    "g": [
        198.0,
        188.0,
        171.0,
        143.0,
        147.0,
        125.0,
        121.0,
        138.0,
        132.0,
        125.0,
        129.0,
        136.0,
        117.0,
        123.0,
        123.0,
        123.0,
        120.0,
        119.0,
        118.0,
        116.0,
        109.0,
        107.0,
        107.0,
        108.0,
        104.6,
        105.0,
        105.0,
        121.0,
        129.0,
        136.0,
        147.0,
        133.0,
        148.0,
        160.0,
        161.0,
        155.0,
        153.0,
        144.0,
        146.0,
        143.0,
        136.0,
        140.0
    ],
    "x": [
        0.001,
        1.3382800923971374,
        3.058587869865527,
        4.9091374550383335,
        6.146812809981838,
        7.615874335990814,
        8.531351378396371,
        10.766807225299758,
        11.745851735022214,
        12.423995453279916,
        13.242265378531773,
        13.906575651751957,
        15.89743383806724,
        16.710612169057676,
        17.43219763500541,
        18.025431987325213,
        18.331209172204925,
        18.74918456824901,
        19.438138684875835,
        20.271438661546902,
        20.854597825584186,
        22.078648645185265,
        22.74637084490199,
        23.56984435931617,
        24.899285212230733,
        25.575763408275346,
        27.799502524899598,
        29.78790186472349,
        30.71612427212805,
        31.54588595588064,
        32.60808778694495,
        34.498340706468774,
        36.122367985242114,
        37.6579142159189,
        39.00498348702739,
        40.78678275805769,
        42.57172929732773,
        43.73164745731612,
        44.32865252843948,
        46.217182216005085,
        47.18920682908218,
        49.23887089131153
    ],
    "y": [
        194.0,
        181.8,
        160.2,
        137.6,
        130.8,
        113.6,
        106.3,
        119.5,
        123.9,
        116.8,
        115.4,
        112.9,
        94.4,
        89.8,
        88.3,
        86.0,
        86.8,
        86.8,
        91.5,
        88.9,
        86.7,
        89.1,
        87.4,
        87.4,
        102.1,
        100.4,
        110.9,
        115.5,
        124.0,
        132.5,
        142.2,
        139.8,
        147.6,
        154.2,
        166.8,
        148.8,
        148.1,
        149.6,
        145.6,
        138.1,
        136.7,
        140.1
    ]
}