{
    "c": "#11079F",
    "g": [
        198.0,
        188.0,
        171.0,
        143.0,
        147.0,
        125.0,
        121.0,
        138.0,
        132.0,
        125.0,
        129.0,
        136.0,
        117.0,
        123.0,
        123.0,
        123.0,
        120.0,
        119.0,
        118.0,
        116.0,
        109.0,
        107.0,
        107.0,
        108.0,
        104.6,
        105.0,
        105.0,
        121.0,
        124.0,
        124.0,
        125.0,
        130.0,
        120.0,
        120.0,
        123.0,
        122.0,
        123.0,
        123.0,
        123.0,
        122.0
    ],
    "x": [
        0.001,
        1.3382800923971374,
        3.058587869865527,
        4.9091374550383335,
        6.146812809981838,
        7.615874335990814,
        8.531351378396371,
        10.766807225299758,
        11.745851735022214,
        12.423995453279916,
        13.242265378531773,
        13.906575651751957,
        15.89743383806724,
        16.710612169057676,
        17.43219763500541,
        18.025431987325213,
        18.331209172204925,
        18.74918456824901,
        19.438138684875835,
        20.271438661546902,
        20.854597825584186,
        22.078648645185265,
        22.74637084490199,
        23.56984435931617,
        24.899285212230733,
        25.575763408275346,
        27.799502524899598,
        29.78790186472349,
        31.645387828847554,
        32.21542840531102,
        33.067135136646336,
        35.55767108023818,
        36.42116835084735,
        37.22315498280044,
        38.6123769116598,
        41.31773870312747,
        43.392502411610295,
        46.04494610106592,
        49.2288151887649,
        51.08214598841814
    ],
    "y": [
        194.0,
        181.8,
        160.2,
        137.6,
        130.8,
        113.6,
        106.3,
        119.5,
        123.9,
        116.8,
        115.4,
        112.9,
        94.4,
        89.8,
        88.3,
        86.0,
        86.8,
        86.8,
        91.5,
        88.9,
        86.7,
        89.1,
        87.4,
        87.4,
        102.1,
        100.4,
        110.9,
        115.5,
        120.3,
        119.3,
        119.4,
        124.2,
        125.8,
        124.9,
        117.7,
        113.4,
        109.6,
        110.3,
        112.9,
        113.4
    ]
}