{
    "c": "#01A3DF",
    "g": [
        124.0,
        112.0,
        111.0,
        111.0,
        132.0,
        134.0,
        117.0,
        125.0,
        127.0,
        127.0,
        118.0,
        104.6,
        105.0,
        104.0,
        106.0,
        114.0
    ],
    "x": [
        0.001,
        1.394252542633773,
        2.836168077886847,
        3.8288475682449694,
        6.938279245661449,
        8.959183773066353,
        11.220047686689265,
        11.897252491982478,
        12.467375817172487,
        13.522727595919251,
        14.470593644509417,
        15.624297468733772,
        16.693916282673925,
        17.463887688757964,
        18.975068266665716,
        20.169989356235067
    ],
    "y": [
        106.9,
        96.5,
        91.8,
        93.0,
        123.5,
        117.8,
        99.9,
        92.5,
        96.1,
        104.1,
        94.5,
        85.2,
        83.9,
        86.3,
        92.2,
        94.8
    ]
}